transaction_id,rejection_reason,raw_payload
TXN-001995,missing store_id,"{""transaction_id"": ""TXN-001995"", ""sale_date"": ""2026-04-29"", ""store_id"": """", ""sku"": ""SKU-1004"", ""product_name"": ""Laptop Stand"", ""unit_price"": ""39.0"", ""quantity"": ""6"", ""total_amount"": ""234.0""}"
TXN-000916,"total_amount mismatch (expected 137.97, got 306.39)","{""transaction_id"": ""TXN-000916"", ""sale_date"": ""2026-05-06"", ""store_id"": ""STORE-LAU"", ""sku"": ""SKU-1005"", ""product_name"": ""Webcam 1080p"", ""unit_price"": ""45.99"", ""quantity"": ""3"", ""total_amount"": ""306.39""}"
TXN-000399,"total_amount mismatch (expected 29.9, got 45.96)","{""transaction_id"": ""TXN-000399"", ""sale_date"": ""2026-04-26"", ""store_id"": ""STORE-LAU"", ""sku"": ""SKU-1003"", ""product_name"": ""USB-C Hub"", ""unit_price"": ""29.9"", ""quantity"": ""1"", ""total_amount"": ""45.96""}"
TXN-000717,missing store_id,"{""transaction_id"": ""TXN-000717"", ""sale_date"": ""2026-02-15"", ""store_id"": """", ""sku"": ""SKU-1008"", ""product_name"": ""Desk Lamp LED"", ""unit_price"": ""24.5"", ""quantity"": ""6"", ""total_amount"": ""147.0""}"
TXN-000021,non-positive quantity,"{""transaction_id"": ""TXN-000021"", ""sale_date"": ""2026-03-25"", ""store_id"": ""STORE-LAU"", ""sku"": ""SKU-1004"", ""product_name"": ""Laptop Stand"", ""unit_price"": ""39.0"", ""quantity"": ""-5"", ""total_amount"": ""-195.0""}"
TXN-002782,missing store_id,"{""transaction_id"": ""TXN-002782"", ""sale_date"": ""2026-02-07"", ""store_id"": """", ""sku"": ""SKU-1003"", ""product_name"": ""USB-C Hub"", ""unit_price"": ""29.9"", ""quantity"": ""11"", ""total_amount"": ""328.9""}"
TXN-001088,missing store_id,"{""transaction_id"": ""TXN-001088"", ""sale_date"": ""2026-02-03"", ""store_id"": """", ""sku"": ""SKU-1001"", ""product_name"": ""Wireless Mouse"", ""unit_price"": ""19.99"", ""quantity"": ""11"", ""total_amount"": ""219.89""}"
TXN-002568,missing store_id,"{""transaction_id"": ""TXN-002568"", ""sale_date"": ""2026-04-12"", ""store_id"": """", ""sku"": ""SKU-1004"", ""product_name"": ""Laptop Stand"", ""unit_price"": ""39.0"", ""quantity"": ""2"", ""total_amount"": ""78.0""}"
TXN-001770,non-positive quantity,"{""transaction_id"": ""TXN-001770"", ""sale_date"": ""2026-02-06"", ""store_id"": ""STORE-ZUR"", ""sku"": ""SKU-1003"", ""product_name"": ""USB-C Hub"", ""unit_price"": ""29.9"", ""quantity"": ""0"", ""total_amount"": ""0.0""}"
TXN-001244,missing store_id,"{""transaction_id"": ""TXN-001244"", ""sale_date"": ""2026-05-25"", ""store_id"": """", ""sku"": ""SKU-1007"", ""product_name"": ""Monitor Arm"", ""unit_price"": ""89.9"", ""quantity"": ""10"", ""total_amount"": ""899.0""}"
TXN-000603,missing store_id,"{""transaction_id"": ""TXN-000603"", ""sale_date"": ""2026-05-18"", ""store_id"": """", ""sku"": ""SKU-1004"", ""product_name"": ""Laptop Stand"", ""unit_price"": ""39.0"", ""quantity"": ""10"", ""total_amount"": ""390.0""}"
TXN-000452,missing store_id,"{""transaction_id"": ""TXN-000452"", ""sale_date"": ""2026-03-27"", ""store_id"": """", ""sku"": ""SKU-1002"", ""product_name"": ""Mechanical Keyboard"", ""unit_price"": ""74.5"", ""quantity"": ""10"", ""total_amount"": ""745.0""}"
TXN-001864,missing store_id,"{""transaction_id"": ""TXN-001864"", ""sale_date"": ""2026-02-20"", ""store_id"": """", ""sku"": ""SKU-1004"", ""product_name"": ""Laptop Stand"", ""unit_price"": ""39.0"", ""quantity"": ""5"", ""total_amount"": ""195.0""}"
TXN-001267,missing store_id,"{""transaction_id"": ""TXN-001267"", ""sale_date"": ""2026-06-16"", ""store_id"": """", ""sku"": ""SKU-1003"", ""product_name"": ""USB-C Hub"", ""unit_price"": ""29.9"", ""quantity"": ""7"", ""total_amount"": ""209.3""}"
TXN-002556,missing store_id,"{""transaction_id"": ""TXN-002556"", ""sale_date"": ""2026-02-04"", ""store_id"": """", ""sku"": ""SKU-1002"", ""product_name"": ""Mechanical Keyboard"", ""unit_price"": ""74.5"", ""quantity"": ""11"", ""total_amount"": ""819.5""}"
TXN-000003,non-positive quantity,"{""transaction_id"": ""TXN-000003"", ""sale_date"": ""2026-04-19"", ""store_id"": ""STORE-LAU"", ""sku"": ""SKU-1002"", ""product_name"": ""Mechanical Keyboard"", ""unit_price"": ""74.5"", ""quantity"": ""-1"", ""total_amount"": ""-74.5""}"
TXN-001181,missing store_id,"{""transaction_id"": ""TXN-001181"", ""sale_date"": ""2026-01-19"", ""store_id"": """", ""sku"": ""SKU-1001"", ""product_name"": ""Wireless Mouse"", ""unit_price"": ""19.99"", ""quantity"": ""12"", ""total_amount"": ""239.88""}"
TXN-002398,non-positive quantity,"{""transaction_id"": ""TXN-002398"", ""sale_date"": ""2026-02-09"", ""store_id"": ""STORE-ZUR"", ""sku"": ""SKU-1001"", ""product_name"": ""Wireless Mouse"", ""unit_price"": ""19.99"", ""quantity"": ""-5"", ""total_amount"": ""-99.95""}"
TXN-001274,"total_amount mismatch (expected 894.0, got 1858.39)","{""transaction_id"": ""TXN-001274"", ""sale_date"": ""2026-02-28"", ""store_id"": ""STORE-BER"", ""sku"": ""SKU-1002"", ""product_name"": ""Mechanical Keyboard"", ""unit_price"": ""74.5"", ""quantity"": ""12"", ""total_amount"": ""1858.39""}"
TXN-001357,missing store_id,"{""transaction_id"": ""TXN-001357"", ""sale_date"": ""2026-03-05"", ""store_id"": """", ""sku"": ""SKU-1005"", ""product_name"": ""Webcam 1080p"", ""unit_price"": ""45.99"", ""quantity"": ""4"", ""total_amount"": ""183.96""}"
TXN-001490,duplicate transaction_id,"{""transaction_id"": ""TXN-001490"", ""sale_date"": ""2026-06-28"", ""store_id"": ""STORE-LUG"", ""sku"": ""SKU-1005"", ""product_name"": ""Webcam 1080p"", ""unit_price"": ""45.99"", ""quantity"": ""4"", ""total_amount"": ""183.96""}"
TXN-000606,missing store_id,"{""transaction_id"": ""TXN-000606"", ""sale_date"": ""2026-05-11"", ""store_id"": """", ""sku"": ""SKU-1008"", ""product_name"": ""Desk Lamp LED"", ""unit_price"": ""24.5"", ""quantity"": ""2"", ""total_amount"": ""49.0""}"
TXN-001878,unknown/discontinued SKU,"{""transaction_id"": ""TXN-001878"", ""sale_date"": ""2026-05-26"", ""store_id"": ""STORE-GEN"", ""sku"": ""SKU-9999"", ""product_name"": ""Unknown Product"", ""unit_price"": ""24.5"", ""quantity"": ""12"", ""total_amount"": ""294.0""}"
TXN-000986,duplicate transaction_id,"{""transaction_id"": ""TXN-000986"", ""sale_date"": ""2026-05-06"", ""store_id"": ""STORE-LAU"", ""sku"": ""SKU-1005"", ""product_name"": ""Webcam 1080p"", ""unit_price"": ""45.99"", ""quantity"": ""5"", ""total_amount"": ""229.95""}"
TXN-000085,missing store_id,"{""transaction_id"": ""TXN-000085"", ""sale_date"": ""2026-05-22"", ""store_id"": """", ""sku"": ""SKU-1001"", ""product_name"": ""Wireless Mouse"", ""unit_price"": ""19.99"", ""quantity"": ""11"", ""total_amount"": ""219.89""}"
TXN-001208,missing store_id,"{""transaction_id"": ""TXN-001208"", ""sale_date"": ""2026-06-05"", ""store_id"": """", ""sku"": ""SKU-1003"", ""product_name"": ""USB-C Hub"", ""unit_price"": ""29.9"", ""quantity"": ""11"", ""total_amount"": ""328.9""}"
TXN-001710,missing store_id,"{""transaction_id"": ""TXN-001710"", ""sale_date"": ""2026-03-14"", ""store_id"": """", ""sku"": ""SKU-1004"", ""product_name"": ""Laptop Stand"", ""unit_price"": ""39.0"", ""quantity"": ""12"", ""total_amount"": ""468.0""}"
TXN-000770,duplicate transaction_id,"{""transaction_id"": ""TXN-000770"", ""sale_date"": ""2026-03-16"", ""store_id"": ""STORE-LAU"", ""sku"": ""SKU-1001"", ""product_name"": ""Wireless Mouse"", ""unit_price"": ""19.99"", ""quantity"": ""4"", ""total_amount"": ""79.96""}"
TXN-000470,"total_amount mismatch (expected 24.5, got 51.06)","{""transaction_id"": ""TXN-000470"", ""sale_date"": ""2026-04-01"", ""store_id"": ""STORE-LUG"", ""sku"": ""SKU-1008"", ""product_name"": ""Desk Lamp LED"", ""unit_price"": ""24.5"", ""quantity"": ""1"", ""total_amount"": ""51.06""}"
TXN-000265,missing store_id,"{""transaction_id"": ""TXN-000265"", ""sale_date"": ""2026-06-22"", ""store_id"": """", ""sku"": ""SKU-1002"", ""product_name"": ""Mechanical Keyboard"", ""unit_price"": ""74.5"", ""quantity"": ""6"", ""total_amount"": ""447.0""}"
TXN-000169,missing store_id,"{""transaction_id"": ""TXN-000169"", ""sale_date"": ""2026-02-20"", ""store_id"": """", ""sku"": ""SKU-1007"", ""product_name"": ""Monitor Arm"", ""unit_price"": ""89.9"", ""quantity"": ""12"", ""total_amount"": ""1078.8""}"
TXN-001233,"total_amount mismatch (expected 239.2, got 490.6)","{""transaction_id"": ""TXN-001233"", ""sale_date"": ""2026-02-12"", ""store_id"": ""STORE-GEN"", ""sku"": ""SKU-1003"", ""product_name"": ""USB-C Hub"", ""unit_price"": ""29.9"", ""quantity"": ""8"", ""total_amount"": ""490.6""}"
TXN-001841,missing store_id,"{""transaction_id"": ""TXN-001841"", ""sale_date"": ""2026-03-29"", ""store_id"": """", ""sku"": ""SKU-1007"", ""product_name"": ""Monitor Arm"", ""unit_price"": ""89.9"", ""quantity"": ""10"", ""total_amount"": ""899.0""}"
TXN-002829,"total_amount mismatch (expected 119.94, got 233.87)","{""transaction_id"": ""TXN-002829"", ""sale_date"": ""2026-03-14"", ""store_id"": ""STORE-BER"", ""sku"": ""SKU-1001"", ""product_name"": ""Wireless Mouse"", ""unit_price"": ""19.99"", ""quantity"": ""6"", ""total_amount"": ""233.87""}"
TXN-002726,non-positive quantity,"{""transaction_id"": ""TXN-002726"", ""sale_date"": ""2026-05-17"", ""store_id"": ""STORE-LUG"", ""sku"": ""SKU-1008"", ""product_name"": ""Desk Lamp LED"", ""unit_price"": ""24.5"", ""quantity"": ""0"", ""total_amount"": ""0.0""}"
TXN-002122,missing store_id,"{""transaction_id"": ""TXN-002122"", ""sale_date"": ""17/05/2026"", ""store_id"": """", ""sku"": ""SKU-1002"", ""product_name"": ""Mechanical Keyboard"", ""unit_price"": ""74.5"", ""quantity"": ""7"", ""total_amount"": ""521.5""}"
TXN-002131,missing store_id,"{""transaction_id"": ""TXN-002131"", ""sale_date"": ""2026-06-10"", ""store_id"": """", ""sku"": ""SKU-1004"", ""product_name"": ""Laptop Stand"", ""unit_price"": ""39.0"", ""quantity"": ""7"", ""total_amount"": ""273.0""}"
TXN-002435,"total_amount mismatch (expected 894.0, got 1479.94)","{""transaction_id"": ""TXN-002435"", ""sale_date"": ""2026-02-04"", ""store_id"": ""STORE-ZUR"", ""sku"": ""SKU-1002"", ""product_name"": ""Mechanical Keyboard"", ""unit_price"": ""74.5"", ""quantity"": ""12"", ""total_amount"": ""1479.94""}"
TXN-002130,"total_amount mismatch (expected 312.0, got 892.99)","{""transaction_id"": ""TXN-002130"", ""sale_date"": ""2026-06-16"", ""store_id"": ""STORE-GEN"", ""sku"": ""SKU-1004"", ""product_name"": ""Laptop Stand"", ""unit_price"": ""39.0"", ""quantity"": ""8"", ""total_amount"": ""892.99""}"
TXN-002893,unknown/discontinued SKU,"{""transaction_id"": ""TXN-002893"", ""sale_date"": ""2026-04-20"", ""store_id"": ""STORE-LUG"", ""sku"": ""SKU-9999"", ""product_name"": ""Unknown Product"", ""unit_price"": ""129.0"", ""quantity"": ""9"", ""total_amount"": ""1161.0""}"
TXN-002555,"total_amount mismatch (expected 468.0, got 806.01)","{""transaction_id"": ""TXN-002555"", ""sale_date"": ""2026-03-07"", ""store_id"": ""STORE-BER"", ""sku"": ""SKU-1004"", ""product_name"": ""Laptop Stand"", ""unit_price"": ""39.0"", ""quantity"": ""12"", ""total_amount"": ""806.01""}"
TXN-001088,missing store_id,"{""transaction_id"": ""TXN-001088"", ""sale_date"": ""2026-02-03"", ""store_id"": """", ""sku"": ""SKU-1001"", ""product_name"": ""Wireless Mouse"", ""unit_price"": ""19.99"", ""quantity"": ""11"", ""total_amount"": ""219.89""}"
TXN-002143,missing store_id,"{""transaction_id"": ""TXN-002143"", ""sale_date"": ""2026-05-28"", ""store_id"": """", ""sku"": ""SKU-1001"", ""product_name"": ""Wireless Mouse"", ""unit_price"": ""19.99"", ""quantity"": ""7"", ""total_amount"": ""139.93""}"
TXN-002474,"total_amount mismatch (expected 387.0, got 962.0)","{""transaction_id"": ""TXN-002474"", ""sale_date"": ""2026-03-13"", ""store_id"": ""STORE-ZUR"", ""sku"": ""SKU-1006"", ""product_name"": ""Noise Cancelling Headset"", ""unit_price"": ""129.0"", ""quantity"": ""3"", ""total_amount"": ""962.0""}"
TXN-002303,"total_amount mismatch (expected 234.0, got 530.54)","{""transaction_id"": ""TXN-002303"", ""sale_date"": ""2026-01-21"", ""store_id"": ""STORE-LUG"", ""sku"": ""SKU-1004"", ""product_name"": ""Laptop Stand"", ""unit_price"": ""39.0"", ""quantity"": ""6"", ""total_amount"": ""530.54""}"
TXN-000127,missing store_id,"{""transaction_id"": ""TXN-000127"", ""sale_date"": ""2026-03-02"", ""store_id"": """", ""sku"": ""SKU-1006"", ""product_name"": ""Noise Cancelling Headset"", ""unit_price"": ""129.0"", ""quantity"": ""2"", ""total_amount"": ""258.0""}"
TXN-002722,missing store_id,"{""transaction_id"": ""TXN-002722"", ""sale_date"": ""2026-05-04"", ""store_id"": """", ""sku"": ""SKU-1007"", ""product_name"": ""Monitor Arm"", ""unit_price"": ""89.9"", ""quantity"": ""2"", ""total_amount"": ""179.8""}"
TXN-001234,missing store_id,"{""transaction_id"": ""TXN-001234"", ""sale_date"": ""14/06/2026"", ""store_id"": """", ""sku"": ""SKU-1002"", ""product_name"": ""Mechanical Keyboard"", ""unit_price"": ""74.5"", ""quantity"": ""9"", ""total_amount"": ""670.5""}"
TXN-002768,"total_amount mismatch (expected 91.98, got 177.91)","{""transaction_id"": ""TXN-002768"", ""sale_date"": ""2026-05-11"", ""store_id"": ""STORE-BER"", ""sku"": ""SKU-1005"", ""product_name"": ""Webcam 1080p"", ""unit_price"": ""45.99"", ""quantity"": ""2"", ""total_amount"": ""177.91""}"
TXN-002040,missing store_id,"{""transaction_id"": ""TXN-002040"", ""sale_date"": ""2026-02-20"", ""store_id"": """", ""sku"": ""SKU-1006"", ""product_name"": ""Noise Cancelling Headset"", ""unit_price"": ""129.0"", ""quantity"": ""5"", ""total_amount"": ""645.0""}"
TXN-000504,missing store_id,"{""transaction_id"": ""TXN-000504"", ""sale_date"": ""2026-06-14"", ""store_id"": """", ""sku"": ""SKU-1002"", ""product_name"": ""Mechanical Keyboard"", ""unit_price"": ""74.5"", ""quantity"": ""9"", ""total_amount"": ""670.5""}"
TXN-001917,unknown/discontinued SKU,"{""transaction_id"": ""TXN-001917"", ""sale_date"": ""2026-06-21"", ""store_id"": ""STORE-ZUR"", ""sku"": ""SKU-9999"", ""product_name"": ""Unknown Product"", ""unit_price"": ""39.0"", ""quantity"": ""3"", ""total_amount"": ""117.0""}"
TXN-001464,missing store_id,"{""transaction_id"": ""TXN-001464"", ""sale_date"": ""2026-06-22"", ""store_id"": """", ""sku"": ""SKU-1003"", ""product_name"": ""USB-C Hub"", ""unit_price"": ""29.9"", ""quantity"": ""1"", ""total_amount"": ""29.9""}"
TXN-001191,"total_amount mismatch (expected 183.96, got 415.51)","{""transaction_id"": ""TXN-001191"", ""sale_date"": ""2026-03-30"", ""store_id"": ""STORE-GEN"", ""sku"": ""SKU-1005"", ""product_name"": """", ""unit_price"": ""45.99"", ""quantity"": ""4"", ""total_amount"": ""415.51""}"
TXN-002051,unknown/discontinued SKU,"{""transaction_id"": ""TXN-002051"", ""sale_date"": ""2026-05-07"", ""store_id"": ""STORE-BER"", ""sku"": ""SKU-9999"", ""product_name"": ""Unknown Product"", ""unit_price"": ""45.99"", ""quantity"": ""5"", ""total_amount"": ""229.95""}"
TXN-002159,missing store_id,"{""transaction_id"": ""TXN-002159"", ""sale_date"": ""2026-03-28"", ""store_id"": """", ""sku"": ""SKU-1001"", ""product_name"": ""Wireless Mouse"", ""unit_price"": ""19.99"", ""quantity"": ""2"", ""total_amount"": ""39.98""}"
TXN-001993,missing store_id,"{""transaction_id"": ""TXN-001993"", ""sale_date"": ""2026-06-13"", ""store_id"": """", ""sku"": ""SKU-1008"", ""product_name"": ""Desk Lamp LED"", ""unit_price"": ""24.5"", ""quantity"": ""5"", ""total_amount"": ""122.5""}"
TXN-000840,"total_amount mismatch (expected 74.5, got 127.58)","{""transaction_id"": ""TXN-000840"", ""sale_date"": ""2026-02-05"", ""store_id"": ""STORE-LAU"", ""sku"": ""SKU-1002"", ""product_name"": ""Mechanical Keyboard"", ""unit_price"": ""74.5"", ""quantity"": ""1"", ""total_amount"": ""127.58""}"
TXN-000439,missing store_id,"{""transaction_id"": ""TXN-000439"", ""sale_date"": ""25/02/2026"", ""store_id"": """", ""sku"": ""SKU-1001"", ""product_name"": ""Wireless Mouse"", ""unit_price"": ""19.99"", ""quantity"": ""5"", ""total_amount"": ""99.95""}"
TXN-000419,"total_amount mismatch (expected 89.7, got 248.61)","{""transaction_id"": ""TXN-000419"", ""sale_date"": ""2026-06-27"", ""store_id"": ""STORE-LUG"", ""sku"": ""SKU-1003"", ""product_name"": ""USB-C Hub"", ""unit_price"": ""29.9"", ""quantity"": ""3"", ""total_amount"": ""248.61""}"
TXN-000781,missing store_id,"{""transaction_id"": ""TXN-000781"", ""sale_date"": ""2026-03-13"", ""store_id"": """", ""sku"": ""SKU-1006"", ""product_name"": ""Noise Cancelling Headset"", ""unit_price"": ""129.0"", ""quantity"": ""9"", ""total_amount"": ""1161.0""}"
TXN-001135,unknown/discontinued SKU,"{""transaction_id"": ""TXN-001135"", ""sale_date"": ""2026-02-07"", ""store_id"": ""STORE-LAU"", ""sku"": ""SKU-9999"", ""product_name"": ""Unknown Product"", ""unit_price"": ""19.99"", ""quantity"": ""7"", ""total_amount"": ""139.93""}"
TXN-000585,non-positive quantity,"{""transaction_id"": ""TXN-000585"", ""sale_date"": ""2026-03-28"", ""store_id"": ""STORE-ZUR"", ""sku"": ""SKU-1003"", ""product_name"": ""USB-C Hub"", ""unit_price"": ""29.9"", ""quantity"": ""-1"", ""total_amount"": ""-29.9""}"
TXN-001161,non-positive quantity,"{""transaction_id"": ""TXN-001161"", ""sale_date"": ""2026-06-16"", ""store_id"": ""STORE-LAU"", ""sku"": ""SKU-1008"", ""product_name"": ""Desk Lamp LED"", ""unit_price"": ""24.5"", ""quantity"": ""-1"", ""total_amount"": ""-24.5""}"
TXN-000443,missing store_id,"{""transaction_id"": ""TXN-000443"", ""sale_date"": ""2026-05-08"", ""store_id"": """", ""sku"": ""SKU-1002"", ""product_name"": ""Mechanical Keyboard"", ""unit_price"": ""74.5"", ""quantity"": ""2"", ""total_amount"": ""149.0""}"
TXN-000168,non-positive quantity,"{""transaction_id"": ""TXN-000168"", ""sale_date"": ""2026-05-28"", ""store_id"": ""STORE-BER"", ""sku"": ""SKU-1001"", ""product_name"": ""Wireless Mouse"", ""unit_price"": ""19.99"", ""quantity"": ""-1"", ""total_amount"": ""-19.99""}"
TXN-001187,missing store_id,"{""transaction_id"": ""TXN-001187"", ""sale_date"": ""2026-06-15"", ""store_id"": """", ""sku"": ""SKU-1005"", ""product_name"": ""Webcam 1080p"", ""unit_price"": ""45.99"", ""quantity"": ""11"", ""total_amount"": ""505.89""}"
TXN-000282,duplicate transaction_id,"{""transaction_id"": ""TXN-000282"", ""sale_date"": ""2026-02-20"", ""store_id"": ""STORE-BER"", ""sku"": ""SKU-1008"", ""product_name"": ""Desk Lamp LED"", ""unit_price"": ""24.5"", ""quantity"": ""5"", ""total_amount"": ""122.5""}"
TXN-001765,missing store_id,"{""transaction_id"": ""TXN-001765"", ""sale_date"": ""2026-01-11"", ""store_id"": """", ""sku"": ""SKU-1004"", ""product_name"": ""Laptop Stand"", ""unit_price"": ""39.0"", ""quantity"": ""10"", ""total_amount"": ""390.0""}"
TXN-001367,missing store_id,"{""transaction_id"": ""TXN-001367"", ""sale_date"": ""2026-01-01"", ""store_id"": """", ""sku"": ""SKU-1005"", ""product_name"": """", ""unit_price"": ""45.99"", ""quantity"": ""1"", ""total_amount"": ""45.99""}"
TXN-000068,duplicate transaction_id,"{""transaction_id"": ""TXN-000068"", ""sale_date"": ""2026-02-18"", ""store_id"": ""STORE-ZUR"", ""sku"": ""SKU-1008"", ""product_name"": ""Desk Lamp LED"", ""unit_price"": ""24.5"", ""quantity"": ""3"", ""total_amount"": ""73.5""}"
TXN-000667,missing store_id,"{""transaction_id"": ""TXN-000667"", ""sale_date"": ""2026-06-13"", ""store_id"": """", ""sku"": ""SKU-1001"", ""product_name"": ""Wireless Mouse"", ""unit_price"": ""19.99"", ""quantity"": ""10"", ""total_amount"": ""199.9""}"
TXN-000581,missing store_id,"{""transaction_id"": ""TXN-000581"", ""sale_date"": ""2026-03-14"", ""store_id"": """", ""sku"": ""SKU-1002"", ""product_name"": """", ""unit_price"": ""74.5"", ""quantity"": ""6"", ""total_amount"": ""447.0""}"
TXN-001763,non-positive quantity,"{""transaction_id"": ""TXN-001763"", ""sale_date"": ""2026-04-17"", ""store_id"": ""STORE-GEN"", ""sku"": ""SKU-1005"", ""product_name"": ""Webcam 1080p"", ""unit_price"": ""45.99"", ""quantity"": ""0"", ""total_amount"": ""0.0""}"
TXN-002322,missing store_id,"{""transaction_id"": ""TXN-002322"", ""sale_date"": ""26/03/2026"", ""store_id"": """", ""sku"": ""SKU-1008"", ""product_name"": ""Desk Lamp LED"", ""unit_price"": ""24.5"", ""quantity"": ""9"", ""total_amount"": ""220.5""}"
TXN-000846,missing store_id,"{""transaction_id"": ""TXN-000846"", ""sale_date"": ""2026-05-11"", ""store_id"": """", ""sku"": ""SKU-1008"", ""product_name"": ""Desk Lamp LED"", ""unit_price"": ""24.5"", ""quantity"": ""8"", ""total_amount"": ""196.0""}"
TXN-000496,"total_amount mismatch (expected 196.0, got 424.68)","{""transaction_id"": ""TXN-000496"", ""sale_date"": ""2026-06-24"", ""store_id"": ""STORE-LUG"", ""sku"": ""SKU-1008"", ""product_name"": ""Desk Lamp LED"", ""unit_price"": ""24.5"", ""quantity"": ""8"", ""total_amount"": ""424.68""}"
TXN-001951,duplicate transaction_id,"{""transaction_id"": ""TXN-001951"", ""sale_date"": ""2026-06-23"", ""store_id"": ""STORE-ZUR"", ""sku"": ""SKU-1007"", ""product_name"": ""Monitor Arm"", ""unit_price"": ""89.9"", ""quantity"": ""10"", ""total_amount"": ""899.0""}"
TXN-001602,missing store_id,"{""transaction_id"": ""TXN-001602"", ""sale_date"": ""2026-05-09"", ""store_id"": """", ""sku"": ""SKU-1001"", ""product_name"": ""Wireless Mouse"", ""unit_price"": ""19.99"", ""quantity"": ""8"", ""total_amount"": ""159.92""}"
TXN-000591,"total_amount mismatch (expected 122.5, got 227.98)","{""transaction_id"": ""TXN-000591"", ""sale_date"": ""2026-03-26"", ""store_id"": ""STORE-ZUR"", ""sku"": ""SKU-1008"", ""product_name"": ""Desk Lamp LED"", ""unit_price"": ""24.5"", ""quantity"": ""5"", ""total_amount"": ""227.98""}"
TXN-000462,missing store_id,"{""transaction_id"": ""TXN-000462"", ""sale_date"": ""2026-04-23"", ""store_id"": """", ""sku"": ""SKU-1007"", ""product_name"": ""Monitor Arm"", ""unit_price"": ""89.9"", ""quantity"": ""12"", ""total_amount"": ""1078.8""}"
TXN-002763,"total_amount mismatch (expected 239.2, got 578.66)","{""transaction_id"": ""TXN-002763"", ""sale_date"": ""2026-05-25"", ""store_id"": ""STORE-BER"", ""sku"": ""SKU-1003"", ""product_name"": ""USB-C Hub"", ""unit_price"": ""29.9"", ""quantity"": ""8"", ""total_amount"": ""578.66""}"
TXN-002811,"total_amount mismatch (expected 629.3, got 1565.22)","{""transaction_id"": ""TXN-002811"", ""sale_date"": ""2026-06-24"", ""store_id"": ""STORE-BER"", ""sku"": ""SKU-1007"", ""product_name"": ""Monitor Arm"", ""unit_price"": ""89.9"", ""quantity"": ""7"", ""total_amount"": ""1565.22""}"
TXN-002720,missing store_id,"{""transaction_id"": ""TXN-002720"", ""sale_date"": ""2026-03-06"", ""store_id"": """", ""sku"": ""SKU-1007"", ""product_name"": ""Monitor Arm"", ""unit_price"": ""89.9"", ""quantity"": ""9"", ""total_amount"": ""809.1""}"
TXN-002128,missing store_id,"{""transaction_id"": ""TXN-002128"", ""sale_date"": ""2026-02-18"", ""store_id"": """", ""sku"": ""SKU-1003"", ""product_name"": ""USB-C Hub"", ""unit_price"": ""29.9"", ""quantity"": ""1"", ""total_amount"": ""29.9""}"
TXN-002062,unknown/discontinued SKU,"{""transaction_id"": ""TXN-002062"", ""sale_date"": ""2026-06-05"", ""store_id"": ""STORE-LUG"", ""sku"": ""SKU-9999"", ""product_name"": ""Unknown Product"", ""unit_price"": ""24.5"", ""quantity"": ""6"", ""total_amount"": ""147.0""}"
TXN-000832,duplicate transaction_id,"{""transaction_id"": ""TXN-000832"", ""sale_date"": ""2026-04-13"", ""store_id"": ""STORE-LAU"", ""sku"": ""SKU-1007"", ""product_name"": ""Monitor Arm"", ""unit_price"": ""89.9"", ""quantity"": ""12"", ""total_amount"": ""1078.8""}"
TXN-001253,non-positive quantity,"{""transaction_id"": ""TXN-001253"", ""sale_date"": ""2026-06-05"", ""store_id"": ""STORE-LAU"", ""sku"": ""SKU-1007"", ""product_name"": ""Monitor Arm"", ""unit_price"": ""89.9"", ""quantity"": ""-5"", ""total_amount"": ""-449.5""}"
TXN-002414,missing store_id,"{""transaction_id"": ""TXN-002414"", ""sale_date"": ""2026-05-28"", ""store_id"": """", ""sku"": ""SKU-1003"", ""product_name"": ""USB-C Hub"", ""unit_price"": ""29.9"", ""quantity"": ""10"", ""total_amount"": ""299.0""}"
TXN-002851,missing store_id,"{""transaction_id"": ""TXN-002851"", ""sale_date"": ""2026-04-04"", ""store_id"": """", ""sku"": ""SKU-1008"", ""product_name"": ""Desk Lamp LED"", ""unit_price"": ""24.5"", ""quantity"": ""1"", ""total_amount"": ""24.5""}"
TXN-002621,"missing store_id; total_amount mismatch (expected 670.5, got 1106.34)","{""transaction_id"": ""TXN-002621"", ""sale_date"": ""2026-03-07"", ""store_id"": """", ""sku"": ""SKU-1002"", ""product_name"": ""Mechanical Keyboard"", ""unit_price"": ""74.5"", ""quantity"": ""9"", ""total_amount"": ""1106.34""}"
TXN-000823,"total_amount mismatch (expected 79.96, got 134.35)","{""transaction_id"": ""TXN-000823"", ""sale_date"": ""2026-05-07"", ""store_id"": ""STORE-BER"", ""sku"": ""SKU-1001"", ""product_name"": ""Wireless Mouse"", ""unit_price"": ""19.99"", ""quantity"": ""4"", ""total_amount"": ""134.35""}"
TXN-001093,duplicate transaction_id,"{""transaction_id"": ""TXN-001093"", ""sale_date"": ""2026-06-19"", ""store_id"": ""STORE-GEN"", ""sku"": ""SKU-1002"", ""product_name"": ""Mechanical Keyboard"", ""unit_price"": ""74.5"", ""quantity"": ""7"", ""total_amount"": ""521.5""}"
TXN-000218,non-positive quantity,"{""transaction_id"": ""TXN-000218"", ""sale_date"": ""2026-03-01"", ""store_id"": ""STORE-ZUR"", ""sku"": ""SKU-1002"", ""product_name"": """", ""unit_price"": ""74.5"", ""quantity"": ""0"", ""total_amount"": ""0.0""}"
TXN-001765,missing store_id,"{""transaction_id"": ""TXN-001765"", ""sale_date"": ""2026-01-11"", ""store_id"": """", ""sku"": ""SKU-1004"", ""product_name"": ""Laptop Stand"", ""unit_price"": ""39.0"", ""quantity"": ""10"", ""total_amount"": ""390.0""}"
TXN-002818,"total_amount mismatch (expected 1419.0, got 2731.76)","{""transaction_id"": ""TXN-002818"", ""sale_date"": ""2026-06-14"", ""store_id"": ""STORE-BER"", ""sku"": ""SKU-1006"", ""product_name"": """", ""unit_price"": ""129.0"", ""quantity"": ""11"", ""total_amount"": ""2731.76""}"
TXN-001407,missing store_id,"{""transaction_id"": ""TXN-001407"", ""sale_date"": ""2026-02-19"", ""store_id"": """", ""sku"": ""SKU-1008"", ""product_name"": ""Desk Lamp LED"", ""unit_price"": ""24.5"", ""quantity"": ""12"", ""total_amount"": ""294.0""}"
TXN-000205,non-positive quantity,"{""transaction_id"": ""TXN-000205"", ""sale_date"": ""2026-06-11"", ""store_id"": ""STORE-LAU"", ""sku"": ""SKU-1002"", ""product_name"": """", ""unit_price"": ""74.5"", ""quantity"": ""0"", ""total_amount"": ""0.0""}"
TXN-000485,duplicate transaction_id,"{""transaction_id"": ""TXN-000485"", ""sale_date"": ""2026-01-19"", ""store_id"": ""STORE-BER"", ""sku"": ""SKU-1002"", ""product_name"": ""Mechanical Keyboard"", ""unit_price"": ""74.5"", ""quantity"": ""3"", ""total_amount"": ""223.5""}"
TXN-001860,missing store_id,"{""transaction_id"": ""TXN-001860"", ""sale_date"": ""2026-02-05"", ""store_id"": """", ""sku"": ""SKU-1008"", ""product_name"": """", ""unit_price"": ""24.5"", ""quantity"": ""1"", ""total_amount"": ""24.5""}"
TXN-001854,duplicate transaction_id,"{""transaction_id"": ""TXN-001854"", ""sale_date"": ""2026-03-19"", ""store_id"": ""STORE-LAU"", ""sku"": ""SKU-1003"", ""product_name"": """", ""unit_price"": ""29.9"", ""quantity"": ""9"", ""total_amount"": ""269.1""}"
TXN-000634,"total_amount mismatch (expected 809.1, got 1928.2)","{""transaction_id"": ""TXN-000634"", ""sale_date"": ""2026-05-07"", ""store_id"": ""STORE-LAU"", ""sku"": ""SKU-1007"", ""product_name"": ""Monitor Arm"", ""unit_price"": ""89.9"", ""quantity"": ""9"", ""total_amount"": ""1928.2""}"
TXN-002808,missing store_id,"{""transaction_id"": ""TXN-002808"", ""sale_date"": ""2026-01-29"", ""store_id"": """", ""sku"": ""SKU-1001"", ""product_name"": ""Wireless Mouse"", ""unit_price"": ""19.99"", ""quantity"": ""5"", ""total_amount"": ""99.95""}"
TXN-002441,missing store_id,"{""transaction_id"": ""TXN-002441"", ""sale_date"": ""2026-01-20"", ""store_id"": """", ""sku"": ""SKU-1007"", ""product_name"": ""Monitor Arm"", ""unit_price"": ""89.9"", ""quantity"": ""3"", ""total_amount"": ""269.7""}"
TXN-001039,missing store_id,"{""transaction_id"": ""TXN-001039"", ""sale_date"": ""2026-02-23"", ""store_id"": """", ""sku"": ""SKU-1008"", ""product_name"": ""Desk Lamp LED"", ""unit_price"": ""24.5"", ""quantity"": ""5"", ""total_amount"": ""122.5""}"
TXN-002909,missing store_id,"{""transaction_id"": ""TXN-002909"", ""sale_date"": ""2026-01-09"", ""store_id"": """", ""sku"": ""SKU-1001"", ""product_name"": ""Wireless Mouse"", ""unit_price"": ""19.99"", ""quantity"": ""7"", ""total_amount"": ""139.93""}"
TXN-000891,non-positive quantity,"{""transaction_id"": ""TXN-000891"", ""sale_date"": ""2026-01-17"", ""store_id"": ""STORE-GEN"", ""sku"": ""SKU-1002"", ""product_name"": ""Mechanical Keyboard"", ""unit_price"": ""74.5"", ""quantity"": ""0"", ""total_amount"": ""0.0""}"
TXN-001640,duplicate transaction_id,"{""transaction_id"": ""TXN-001640"", ""sale_date"": ""2026-06-19"", ""store_id"": ""STORE-LAU"", ""sku"": ""SKU-1004"", ""product_name"": ""Laptop Stand"", ""unit_price"": ""39.0"", ""quantity"": ""3"", ""total_amount"": ""117.0""}"
TXN-002255,duplicate transaction_id,"{""transaction_id"": ""TXN-002255"", ""sale_date"": ""2026-03-10"", ""store_id"": ""STORE-LAU"", ""sku"": ""SKU-1007"", ""product_name"": ""Monitor Arm"", ""unit_price"": ""89.9"", ""quantity"": ""2"", ""total_amount"": ""179.8""}"
TXN-002419,duplicate transaction_id,"{""transaction_id"": ""TXN-002419"", ""sale_date"": ""2026-04-29"", ""store_id"": ""STORE-LUG"", ""sku"": ""SKU-1008"", ""product_name"": ""Desk Lamp LED"", ""unit_price"": ""24.5"", ""quantity"": ""8"", ""total_amount"": ""196.0""}"
TXN-002297,non-positive quantity,"{""transaction_id"": ""TXN-002297"", ""sale_date"": ""2026-06-14"", ""store_id"": ""STORE-LAU"", ""sku"": ""SKU-1001"", ""product_name"": ""Wireless Mouse"", ""unit_price"": ""19.99"", ""quantity"": ""-5"", ""total_amount"": ""-99.95""}"
TXN-000559,"total_amount mismatch (expected 98.0, got 176.45)","{""transaction_id"": ""TXN-000559"", ""sale_date"": ""2026-03-05"", ""store_id"": ""STORE-ZUR"", ""sku"": ""SKU-1008"", ""product_name"": ""Desk Lamp LED"", ""unit_price"": ""24.5"", ""quantity"": ""4"", ""total_amount"": ""176.45""}"
TXN-000506,non-positive quantity,"{""transaction_id"": ""TXN-000506"", ""sale_date"": ""2026-01-11"", ""store_id"": ""STORE-LAU"", ""sku"": ""SKU-1006"", ""product_name"": ""Noise Cancelling Headset"", ""unit_price"": ""129.0"", ""quantity"": ""0"", ""total_amount"": ""0.0""}"
TXN-002081,duplicate transaction_id,"{""transaction_id"": ""TXN-002081"", ""sale_date"": ""2026-02-13"", ""store_id"": ""STORE-LUG"", ""sku"": ""SKU-1005"", ""product_name"": ""Webcam 1080p"", ""unit_price"": ""45.99"", ""quantity"": ""3"", ""total_amount"": ""137.97""}"
TXN-002057,non-positive quantity,"{""transaction_id"": ""TXN-002057"", ""sale_date"": ""2026-01-03"", ""store_id"": ""STORE-BER"", ""sku"": ""SKU-1008"", ""product_name"": ""Desk Lamp LED"", ""unit_price"": ""24.5"", ""quantity"": ""-5"", ""total_amount"": ""-122.5""}"
TXN-001493,missing store_id,"{""transaction_id"": ""TXN-001493"", ""sale_date"": ""2026-01-05"", ""store_id"": """", ""sku"": ""SKU-1006"", ""product_name"": ""Noise Cancelling Headset"", ""unit_price"": ""129.0"", ""quantity"": ""2"", ""total_amount"": ""258.0""}"
TXN-000649,unknown/discontinued SKU,"{""transaction_id"": ""TXN-000649"", ""sale_date"": ""2026-03-03"", ""store_id"": ""STORE-LUG"", ""sku"": ""SKU-9999"", ""product_name"": ""Unknown Product"", ""unit_price"": ""39.0"", ""quantity"": ""7"", ""total_amount"": ""273.0""}"
TXN-000035,missing store_id,"{""transaction_id"": ""TXN-000035"", ""sale_date"": ""2026-02-10"", ""store_id"": """", ""sku"": ""SKU-1005"", ""product_name"": ""Webcam 1080p"", ""unit_price"": ""45.99"", ""quantity"": ""7"", ""total_amount"": ""321.93""}"
TXN-001733,duplicate transaction_id,"{""transaction_id"": ""TXN-001733"", ""sale_date"": ""2026-04-09"", ""store_id"": ""STORE-BER"", ""sku"": ""SKU-1004"", ""product_name"": ""Laptop Stand"", ""unit_price"": ""39.0"", ""quantity"": ""1"", ""total_amount"": ""39.0""}"
TXN-002151,unknown/discontinued SKU,"{""transaction_id"": ""TXN-002151"", ""sale_date"": ""2026-06-17"", ""store_id"": ""STORE-ZUR"", ""sku"": ""SKU-9999"", ""product_name"": ""Unknown Product"", ""unit_price"": ""89.9"", ""quantity"": ""11"", ""total_amount"": ""988.9""}"
TXN-002712,duplicate transaction_id,"{""transaction_id"": ""TXN-002712"", ""sale_date"": ""2026-06-16"", ""store_id"": ""STORE-ZUR"", ""sku"": ""SKU-1006"", ""product_name"": ""Noise Cancelling Headset"", ""unit_price"": ""129.0"", ""quantity"": ""4"", ""total_amount"": ""516.0""}"
TXN-002937,"total_amount mismatch (expected 149.5, got 251.88)","{""transaction_id"": ""TXN-002937"", ""sale_date"": ""2026-01-03"", ""store_id"": ""STORE-GEN"", ""sku"": ""SKU-1003"", ""product_name"": ""USB-C Hub"", ""unit_price"": ""29.9"", ""quantity"": ""5"", ""total_amount"": ""251.88""}"
TXN-001973,"total_amount mismatch (expected 447.0, got 1291.41)","{""transaction_id"": ""TXN-001973"", ""sale_date"": ""2026-02-13"", ""store_id"": ""STORE-LAU"", ""sku"": ""SKU-1002"", ""product_name"": ""Mechanical Keyboard"", ""unit_price"": ""74.5"", ""quantity"": ""6"", ""total_amount"": ""1291.41""}"
TXN-002809,missing store_id,"{""transaction_id"": ""TXN-002809"", ""sale_date"": ""2026-01-09"", ""store_id"": """", ""sku"": ""SKU-1001"", ""product_name"": ""Wireless Mouse"", ""unit_price"": ""19.99"", ""quantity"": ""11"", ""total_amount"": ""219.89""}"
TXN-000118,duplicate transaction_id,"{""transaction_id"": ""TXN-000118"", ""sale_date"": ""2026-03-21"", ""store_id"": ""STORE-BER"", ""sku"": ""SKU-1005"", ""product_name"": ""Webcam 1080p"", ""unit_price"": ""45.99"", ""quantity"": ""9"", ""total_amount"": ""413.91""}"
TXN-000027,"total_amount mismatch (expected 551.88, got 1211.9)","{""transaction_id"": ""TXN-000027"", ""sale_date"": ""2026-05-30"", ""store_id"": ""STORE-BER"", ""sku"": ""SKU-1005"", ""product_name"": ""Webcam 1080p"", ""unit_price"": ""45.99"", ""quantity"": ""12"", ""total_amount"": ""1211.9""}"
TXN-002685,duplicate transaction_id,"{""transaction_id"": ""TXN-002685"", ""sale_date"": ""2026-01-06"", ""store_id"": ""STORE-GEN"", ""sku"": ""SKU-1002"", ""product_name"": ""Mechanical Keyboard"", ""unit_price"": ""74.5"", ""quantity"": ""2"", ""total_amount"": ""149.0""}"
TXN-000636,non-positive quantity,"{""transaction_id"": ""TXN-000636"", ""sale_date"": ""2026-04-17"", ""store_id"": ""STORE-BER"", ""sku"": ""SKU-1006"", ""product_name"": ""Noise Cancelling Headset"", ""unit_price"": ""129.0"", ""quantity"": ""0"", ""total_amount"": ""0.0""}"
TXN-002317,"total_amount mismatch (expected 99.95, got 208.5)","{""transaction_id"": ""TXN-002317"", ""sale_date"": ""08/04/2026"", ""store_id"": ""STORE-BER"", ""sku"": ""SKU-1001"", ""product_name"": ""Wireless Mouse"", ""unit_price"": ""19.99"", ""quantity"": ""5"", ""total_amount"": ""208.5""}"
TXN-002175,duplicate transaction_id,"{""transaction_id"": ""TXN-002175"", ""sale_date"": ""2026-06-20"", ""store_id"": ""STORE-GEN"", ""sku"": ""SKU-1006"", ""product_name"": ""Noise Cancelling Headset"", ""unit_price"": ""129.0"", ""quantity"": ""11"", ""total_amount"": ""1419.0""}"
TXN-000439,missing store_id,"{""transaction_id"": ""TXN-000439"", ""sale_date"": ""25/02/2026"", ""store_id"": """", ""sku"": ""SKU-1001"", ""product_name"": ""Wireless Mouse"", ""unit_price"": ""19.99"", ""quantity"": ""5"", ""total_amount"": ""99.95""}"
TXN-000806,non-positive quantity,"{""transaction_id"": ""TXN-000806"", ""sale_date"": ""2026-06-01"", ""store_id"": ""STORE-GEN"", ""sku"": ""SKU-1002"", ""product_name"": ""Mechanical Keyboard"", ""unit_price"": ""74.5"", ""quantity"": ""-1"", ""total_amount"": ""-74.5""}"
TXN-002705,non-positive quantity,"{""transaction_id"": ""TXN-002705"", ""sale_date"": ""2026-02-16"", ""store_id"": ""STORE-LAU"", ""sku"": ""SKU-1006"", ""product_name"": ""Noise Cancelling Headset"", ""unit_price"": ""129.0"", ""quantity"": ""0"", ""total_amount"": ""0.0""}"
TXN-000001,"total_amount mismatch (expected 74.5, got 115.56)","{""transaction_id"": ""TXN-000001"", ""sale_date"": ""2026-03-12"", ""store_id"": ""STORE-GEN"", ""sku"": ""SKU-1002"", ""product_name"": ""Mechanical Keyboard"", ""unit_price"": ""74.5"", ""quantity"": ""1"", ""total_amount"": ""115.56""}"
TXN-000345,duplicate transaction_id,"{""transaction_id"": ""TXN-000345"", ""sale_date"": ""2026-05-24"", ""store_id"": ""STORE-LUG"", ""sku"": ""SKU-1001"", ""product_name"": ""Wireless Mouse"", ""unit_price"": ""19.99"", ""quantity"": ""10"", ""total_amount"": ""199.9""}"
TXN-002104,duplicate transaction_id,"{""transaction_id"": ""TXN-002104"", ""sale_date"": ""2026-04-19"", ""store_id"": ""STORE-ZUR"", ""sku"": ""SKU-1007"", ""product_name"": ""Monitor Arm"", ""unit_price"": ""89.9"", ""quantity"": ""2"", ""total_amount"": ""179.8""}"
TXN-002365,duplicate transaction_id,"{""transaction_id"": ""TXN-002365"", ""sale_date"": ""2026-04-06"", ""store_id"": ""STORE-LUG"", ""sku"": ""SKU-1003"", ""product_name"": ""USB-C Hub"", ""unit_price"": ""29.9"", ""quantity"": ""6"", ""total_amount"": ""179.4""}"
TXN-002366,missing store_id,"{""transaction_id"": ""TXN-002366"", ""sale_date"": ""2026-05-07"", ""store_id"": """", ""sku"": ""SKU-1008"", ""product_name"": ""Desk Lamp LED"", ""unit_price"": ""24.5"", ""quantity"": ""12"", ""total_amount"": ""294.0""}"
TXN-000366,missing store_id,"{""transaction_id"": ""TXN-000366"", ""sale_date"": ""2026-04-21"", ""store_id"": """", ""sku"": ""SKU-1002"", ""product_name"": ""Mechanical Keyboard"", ""unit_price"": ""74.5"", ""quantity"": ""6"", ""total_amount"": ""447.0""}"
TXN-002232,missing store_id,"{""transaction_id"": ""TXN-002232"", ""sale_date"": ""2026-01-12"", ""store_id"": """", ""sku"": ""SKU-1006"", ""product_name"": ""Noise Cancelling Headset"", ""unit_price"": ""129.0"", ""quantity"": ""9"", ""total_amount"": ""1161.0""}"
TXN-000627,"total_amount mismatch (expected 468.0, got 1158.6)","{""transaction_id"": ""TXN-000627"", ""sale_date"": ""2026-01-12"", ""store_id"": ""STORE-BER"", ""sku"": ""SKU-1004"", ""product_name"": ""Laptop Stand"", ""unit_price"": ""39.0"", ""quantity"": ""12"", ""total_amount"": ""1158.6""}"
TXN-001681,missing store_id,"{""transaction_id"": ""TXN-001681"", ""sale_date"": ""11/06/2026"", ""store_id"": """", ""sku"": ""SKU-1005"", ""product_name"": ""Webcam 1080p"", ""unit_price"": ""45.99"", ""quantity"": ""1"", ""total_amount"": ""45.99""}"
TXN-002701,missing store_id,"{""transaction_id"": ""TXN-002701"", ""sale_date"": ""2026-04-20"", ""store_id"": """", ""sku"": ""SKU-1004"", ""product_name"": ""Laptop Stand"", ""unit_price"": ""39.0"", ""quantity"": ""6"", ""total_amount"": ""234.0""}"
TXN-001422,missing store_id,"{""transaction_id"": ""TXN-001422"", ""sale_date"": ""2026-06-18"", ""store_id"": """", ""sku"": ""SKU-1002"", ""product_name"": ""Mechanical Keyboard"", ""unit_price"": ""74.5"", ""quantity"": ""9"", ""total_amount"": ""670.5""}"
TXN-002574,"total_amount mismatch (expected 269.5, got 515.49)","{""transaction_id"": ""TXN-002574"", ""sale_date"": ""25/02/2026"", ""store_id"": ""STORE-BER"", ""sku"": ""SKU-1008"", ""product_name"": ""Desk Lamp LED"", ""unit_price"": ""24.5"", ""quantity"": ""11"", ""total_amount"": ""515.49""}"
TXN-000616,missing store_id,"{""transaction_id"": ""TXN-000616"", ""sale_date"": ""2026-06-24"", ""store_id"": """", ""sku"": ""SKU-1007"", ""product_name"": ""Monitor Arm"", ""unit_price"": ""89.9"", ""quantity"": ""2"", ""total_amount"": ""179.8""}"
TXN-000673,duplicate transaction_id,"{""transaction_id"": ""TXN-000673"", ""sale_date"": ""2026-02-19"", ""store_id"": ""STORE-LUG"", ""sku"": ""SKU-1003"", ""product_name"": """", ""unit_price"": ""29.9"", ""quantity"": ""4"", ""total_amount"": ""119.6""}"
TXN-000038,unknown/discontinued SKU,"{""transaction_id"": ""TXN-000038"", ""sale_date"": ""2026-04-06"", ""store_id"": ""STORE-GEN"", ""sku"": ""SKU-9999"", ""product_name"": ""Unknown Product"", ""unit_price"": ""39.0"", ""quantity"": ""3"", ""total_amount"": ""117.0""}"
TXN-000498,"total_amount mismatch (expected 89.7, got 166.16)","{""transaction_id"": ""TXN-000498"", ""sale_date"": ""2026-04-21"", ""store_id"": ""STORE-LUG"", ""sku"": ""SKU-1003"", ""product_name"": ""USB-C Hub"", ""unit_price"": ""29.9"", ""quantity"": ""3"", ""total_amount"": ""166.16""}"
TXN-001888,duplicate transaction_id,"{""transaction_id"": ""TXN-001888"", ""sale_date"": ""2026-04-22"", ""store_id"": ""STORE-ZUR"", ""sku"": ""SKU-1008"", ""product_name"": ""Desk Lamp LED"", ""unit_price"": ""24.5"", ""quantity"": ""10"", ""total_amount"": ""245.0""}"
TXN-001880,missing store_id,"{""transaction_id"": ""TXN-001880"", ""sale_date"": ""2026-03-19"", ""store_id"": """", ""sku"": ""SKU-1008"", ""product_name"": ""Desk Lamp LED"", ""unit_price"": ""24.5"", ""quantity"": ""1"", ""total_amount"": ""24.5""}"
TXN-001278,duplicate transaction_id,"{""transaction_id"": ""TXN-001278"", ""sale_date"": ""2026-05-01"", ""store_id"": ""STORE-LUG"", ""sku"": ""SKU-1002"", ""product_name"": ""Mechanical Keyboard"", ""unit_price"": ""74.5"", ""quantity"": ""3"", ""total_amount"": ""223.5""}"
TXN-002067,duplicate transaction_id,"{""transaction_id"": ""TXN-002067"", ""sale_date"": ""2026-04-30"", ""store_id"": ""STORE-GEN"", ""sku"": ""SKU-1008"", ""product_name"": ""Desk Lamp LED"", ""unit_price"": ""24.5"", ""quantity"": ""6"", ""total_amount"": ""147.0""}"
TXN-001106,missing store_id,"{""transaction_id"": ""TXN-001106"", ""sale_date"": ""2026-05-24"", ""store_id"": """", ""sku"": ""SKU-1005"", ""product_name"": ""Webcam 1080p"", ""unit_price"": ""45.99"", ""quantity"": ""9"", ""total_amount"": ""413.91""}"
TXN-001548,missing store_id,"{""transaction_id"": ""TXN-001548"", ""sale_date"": ""2026-02-07"", ""store_id"": """", ""sku"": ""SKU-1003"", ""product_name"": ""USB-C Hub"", ""unit_price"": ""29.9"", ""quantity"": ""3"", ""total_amount"": ""89.7""}"
TXN-002962,unknown/discontinued SKU,"{""transaction_id"": ""TXN-002962"", ""sale_date"": ""2026-02-07"", ""store_id"": ""STORE-ZUR"", ""sku"": ""SKU-9999"", ""product_name"": ""Unknown Product"", ""unit_price"": ""129.0"", ""quantity"": ""6"", ""total_amount"": ""774.0""}"
TXN-000056,missing store_id,"{""transaction_id"": ""TXN-000056"", ""sale_date"": ""2026-04-16"", ""store_id"": """", ""sku"": ""SKU-1006"", ""product_name"": ""Noise Cancelling Headset"", ""unit_price"": ""129.0"", ""quantity"": ""7"", ""total_amount"": ""903.0""}"
TXN-001358,"total_amount mismatch (expected 269.5, got 599.79)","{""transaction_id"": ""TXN-001358"", ""sale_date"": ""2026-02-02"", ""store_id"": ""STORE-GEN"", ""sku"": ""SKU-1008"", ""product_name"": ""Desk Lamp LED"", ""unit_price"": ""24.5"", ""quantity"": ""11"", ""total_amount"": ""599.79""}"
TXN-001445,missing store_id,"{""transaction_id"": ""TXN-001445"", ""sale_date"": ""2026-04-25"", ""store_id"": """", ""sku"": ""SKU-1006"", ""product_name"": ""Noise Cancelling Headset"", ""unit_price"": ""129.0"", ""quantity"": ""8"", ""total_amount"": ""1032.0""}"
TXN-001366,"total_amount mismatch (expected 903.0, got 1689.34)","{""transaction_id"": ""TXN-001366"", ""sale_date"": ""2026-03-08"", ""store_id"": ""STORE-GEN"", ""sku"": ""SKU-1006"", ""product_name"": ""Noise Cancelling Headset"", ""unit_price"": ""129.0"", ""quantity"": ""7"", ""total_amount"": ""1689.34""}"
TXN-002875,missing store_id,"{""transaction_id"": ""TXN-002875"", ""sale_date"": ""2026-01-24"", ""store_id"": """", ""sku"": ""SKU-1003"", ""product_name"": ""USB-C Hub"", ""unit_price"": ""29.9"", ""quantity"": ""1"", ""total_amount"": ""29.9""}"
TXN-000452,missing store_id,"{""transaction_id"": ""TXN-000452"", ""sale_date"": ""2026-03-27"", ""store_id"": """", ""sku"": ""SKU-1002"", ""product_name"": ""Mechanical Keyboard"", ""unit_price"": ""74.5"", ""quantity"": ""10"", ""total_amount"": ""745.0""}"
TXN-000897,duplicate transaction_id,"{""transaction_id"": ""TXN-000897"", ""sale_date"": ""2026-04-25"", ""store_id"": ""STORE-GEN"", ""sku"": ""SKU-1005"", ""product_name"": """", ""unit_price"": ""45.99"", ""quantity"": ""5"", ""total_amount"": ""229.95""}"
TXN-000433,duplicate transaction_id,"{""transaction_id"": ""TXN-000433"", ""sale_date"": ""2026-04-06"", ""store_id"": ""STORE-GEN"", ""sku"": ""SKU-1007"", ""product_name"": ""Monitor Arm"", ""unit_price"": ""89.9"", ""quantity"": ""9"", ""total_amount"": ""809.1""}"
TXN-001987,"total_amount mismatch (expected 819.5, got 2229.24)","{""transaction_id"": ""TXN-001987"", ""sale_date"": ""2026-03-19"", ""store_id"": ""STORE-LUG"", ""sku"": ""SKU-1002"", ""product_name"": ""Mechanical Keyboard"", ""unit_price"": ""74.5"", ""quantity"": ""11"", ""total_amount"": ""2229.24""}"
TXN-000533,duplicate transaction_id,"{""transaction_id"": ""TXN-000533"", ""sale_date"": ""2026-04-26"", ""store_id"": ""STORE-LUG"", ""sku"": ""SKU-1007"", ""product_name"": ""Monitor Arm"", ""unit_price"": ""89.9"", ""quantity"": ""9"", ""total_amount"": ""809.1""}"
TXN-001429,missing store_id; unknown/discontinued SKU,"{""transaction_id"": ""TXN-001429"", ""sale_date"": ""2026-06-13"", ""store_id"": """", ""sku"": ""SKU-9999"", ""product_name"": ""Unknown Product"", ""unit_price"": ""74.5"", ""quantity"": ""8"", ""total_amount"": ""596.0""}"
TXN-002542,duplicate transaction_id,"{""transaction_id"": ""TXN-002542"", ""sale_date"": ""2026-02-18"", ""store_id"": ""STORE-LAU"", ""sku"": ""SKU-1007"", ""product_name"": ""Monitor Arm"", ""unit_price"": ""89.9"", ""quantity"": ""11"", ""total_amount"": ""988.9""}"
TXN-000855,non-positive quantity,"{""transaction_id"": ""TXN-000855"", ""sale_date"": ""2026-05-09"", ""store_id"": ""STORE-LAU"", ""sku"": ""SKU-1006"", ""product_name"": ""Noise Cancelling Headset"", ""unit_price"": ""129.0"", ""quantity"": ""0"", ""total_amount"": ""0.0""}"
TXN-002115,"total_amount mismatch (expected 275.94, got 722.11)","{""transaction_id"": ""TXN-002115"", ""sale_date"": ""2026-03-07"", ""store_id"": ""STORE-LUG"", ""sku"": ""SKU-1005"", ""product_name"": ""Webcam 1080p"", ""unit_price"": ""45.99"", ""quantity"": ""6"", ""total_amount"": ""722.11""}"
TXN-000767,duplicate transaction_id,"{""transaction_id"": ""TXN-000767"", ""sale_date"": ""2026-05-10"", ""store_id"": ""STORE-BER"", ""sku"": ""SKU-1007"", ""product_name"": ""Monitor Arm"", ""unit_price"": ""89.9"", ""quantity"": ""9"", ""total_amount"": ""809.1""}"
TXN-000617,duplicate transaction_id,"{""transaction_id"": ""TXN-000617"", ""sale_date"": ""2026-03-31"", ""store_id"": ""STORE-LAU"", ""sku"": ""SKU-1003"", ""product_name"": ""USB-C Hub"", ""unit_price"": ""29.9"", ""quantity"": ""11"", ""total_amount"": ""328.9""}"
TXN-001087,missing store_id,"{""transaction_id"": ""TXN-001087"", ""sale_date"": ""2026-04-08"", ""store_id"": """", ""sku"": ""SKU-1003"", ""product_name"": ""USB-C Hub"", ""unit_price"": ""29.9"", ""quantity"": ""10"", ""total_amount"": ""299.0""}"
TXN-002287,missing store_id,"{""transaction_id"": ""TXN-002287"", ""sale_date"": ""2026-05-07"", ""store_id"": """", ""sku"": ""SKU-1004"", ""product_name"": ""Laptop Stand"", ""unit_price"": ""39.0"", ""quantity"": ""4"", ""total_amount"": ""156.0""}"
TXN-001776,missing store_id,"{""transaction_id"": ""TXN-001776"", ""sale_date"": ""2026-05-10"", ""store_id"": """", ""sku"": ""SKU-1006"", ""product_name"": """", ""unit_price"": ""129.0"", ""quantity"": ""9"", ""total_amount"": ""1161.0""}"
TXN-002617,missing store_id,"{""transaction_id"": ""TXN-002617"", ""sale_date"": ""2026-02-18"", ""store_id"": """", ""sku"": ""SKU-1004"", ""product_name"": ""Laptop Stand"", ""unit_price"": ""39.0"", ""quantity"": ""1"", ""total_amount"": ""39.0""}"
TXN-001855,duplicate transaction_id,"{""transaction_id"": ""TXN-001855"", ""sale_date"": ""2026-05-08"", ""store_id"": ""STORE-GEN"", ""sku"": ""SKU-1001"", ""product_name"": ""Wireless Mouse"", ""unit_price"": ""19.99"", ""quantity"": ""7"", ""total_amount"": ""139.93""}"
TXN-002001,non-positive quantity,"{""transaction_id"": ""TXN-002001"", ""sale_date"": ""2026-01-08"", ""store_id"": ""STORE-GEN"", ""sku"": ""SKU-1003"", ""product_name"": """", ""unit_price"": ""29.9"", ""quantity"": ""-1"", ""total_amount"": ""-29.9""}"
TXN-002656,duplicate transaction_id,"{""transaction_id"": ""TXN-002656"", ""sale_date"": ""2026-01-02"", ""store_id"": ""STORE-BER"", ""sku"": ""SKU-1004"", ""product_name"": ""Laptop Stand"", ""unit_price"": ""39.0"", ""quantity"": ""12"", ""total_amount"": ""468.0""}"
TXN-001284,duplicate transaction_id,"{""transaction_id"": ""TXN-001284"", ""sale_date"": ""18/06/2026"", ""store_id"": ""STORE-LUG"", ""sku"": ""SKU-1001"", ""product_name"": """", ""unit_price"": ""19.99"", ""quantity"": ""4"", ""total_amount"": ""79.96""}"
TXN-001182,missing store_id,"{""transaction_id"": ""TXN-001182"", ""sale_date"": ""2026-06-25"", ""store_id"": """", ""sku"": ""SKU-1002"", ""product_name"": ""Mechanical Keyboard"", ""unit_price"": ""74.5"", ""quantity"": ""5"", ""total_amount"": ""372.5""}"
TXN-001122,missing store_id,"{""transaction_id"": ""TXN-001122"", ""sale_date"": ""2026-02-02"", ""store_id"": """", ""sku"": ""SKU-1003"", ""product_name"": ""USB-C Hub"", ""unit_price"": ""29.9"", ""quantity"": ""12"", ""total_amount"": ""358.8""}"
TXN-000397,"total_amount mismatch (expected 159.92, got 324.97)","{""transaction_id"": ""TXN-000397"", ""sale_date"": ""2026-05-27"", ""store_id"": ""STORE-GEN"", ""sku"": ""SKU-1001"", ""product_name"": ""Wireless Mouse"", ""unit_price"": ""19.99"", ""quantity"": ""8"", ""total_amount"": ""324.97""}"
TXN-002430,non-positive quantity,"{""transaction_id"": ""TXN-002430"", ""sale_date"": ""2026-04-26"", ""store_id"": ""STORE-GEN"", ""sku"": ""SKU-1006"", ""product_name"": ""Noise Cancelling Headset"", ""unit_price"": ""129.0"", ""quantity"": ""-1"", ""total_amount"": ""-129.0""}"
TXN-002922,non-positive quantity,"{""transaction_id"": ""TXN-002922"", ""sale_date"": ""2026-06-08"", ""store_id"": ""STORE-LUG"", ""sku"": ""SKU-1003"", ""product_name"": ""USB-C Hub"", ""unit_price"": ""29.9"", ""quantity"": ""-1"", ""total_amount"": ""-29.9""}"
TXN-000064,missing store_id,"{""transaction_id"": ""TXN-000064"", ""sale_date"": ""2026-05-04"", ""store_id"": """", ""sku"": ""SKU-1007"", ""product_name"": ""Monitor Arm"", ""unit_price"": ""89.9"", ""quantity"": ""8"", ""total_amount"": ""719.2""}"
TXN-001860,missing store_id,"{""transaction_id"": ""TXN-001860"", ""sale_date"": ""2026-02-05"", ""store_id"": """", ""sku"": ""SKU-1008"", ""product_name"": """", ""unit_price"": ""24.5"", ""quantity"": ""1"", ""total_amount"": ""24.5""}"
TXN-001452,duplicate transaction_id,"{""transaction_id"": ""TXN-001452"", ""sale_date"": ""2026-03-05"", ""store_id"": ""STORE-GEN"", ""sku"": ""SKU-1006"", ""product_name"": ""Noise Cancelling Headset"", ""unit_price"": ""129.0"", ""quantity"": ""10"", ""total_amount"": ""1290.0""}"
TXN-001889,duplicate transaction_id,"{""transaction_id"": ""TXN-001889"", ""sale_date"": ""31/01/2026"", ""store_id"": ""STORE-ZUR"", ""sku"": ""SKU-1008"", ""product_name"": ""Desk Lamp LED"", ""unit_price"": ""24.5"", ""quantity"": ""12"", ""total_amount"": ""294.0""}"
TXN-001984,missing store_id,"{""transaction_id"": ""TXN-001984"", ""sale_date"": ""2026-05-29"", ""store_id"": """", ""sku"": ""SKU-1002"", ""product_name"": ""Mechanical Keyboard"", ""unit_price"": ""74.5"", ""quantity"": ""12"", ""total_amount"": ""894.0""}"
TXN-000869,duplicate transaction_id,"{""transaction_id"": ""TXN-000869"", ""sale_date"": ""2026-05-14"", ""store_id"": ""STORE-BER"", ""sku"": ""SKU-1001"", ""product_name"": ""Wireless Mouse"", ""unit_price"": ""19.99"", ""quantity"": ""4"", ""total_amount"": ""79.96""}"
TXN-002162,duplicate transaction_id,"{""transaction_id"": ""TXN-002162"", ""sale_date"": ""2026-05-23"", ""store_id"": ""STORE-ZUR"", ""sku"": ""SKU-1006"", ""product_name"": ""Noise Cancelling Headset"", ""unit_price"": ""129.0"", ""quantity"": ""1"", ""total_amount"": ""129.0""}"
TXN-002874,"total_amount mismatch (expected 809.1, got 1239.94)","{""transaction_id"": ""TXN-002874"", ""sale_date"": ""2026-02-24"", ""store_id"": ""STORE-ZUR"", ""sku"": ""SKU-1007"", ""product_name"": ""Monitor Arm"", ""unit_price"": ""89.9"", ""quantity"": ""9"", ""total_amount"": ""1239.94""}"
TXN-002093,"total_amount mismatch (expected 39.0, got 84.19)","{""transaction_id"": ""TXN-002093"", ""sale_date"": ""2026-06-14"", ""store_id"": ""STORE-ZUR"", ""sku"": ""SKU-1004"", ""product_name"": ""Laptop Stand"", ""unit_price"": ""39.0"", ""quantity"": ""1"", ""total_amount"": ""84.19""}"
TXN-000631,duplicate transaction_id,"{""transaction_id"": ""TXN-000631"", ""sale_date"": ""2026-03-19"", ""store_id"": ""STORE-GEN"", ""sku"": ""SKU-1006"", ""product_name"": ""Noise Cancelling Headset"", ""unit_price"": ""129.0"", ""quantity"": ""4"", ""total_amount"": ""516.0""}"
TXN-001160,non-positive quantity,"{""transaction_id"": ""TXN-001160"", ""sale_date"": ""2026-02-25"", ""store_id"": ""STORE-LUG"", ""sku"": ""SKU-1006"", ""product_name"": ""Noise Cancelling Headset"", ""unit_price"": ""129.0"", ""quantity"": ""-1"", ""total_amount"": ""-129.0""}"
TXN-000419,"total_amount mismatch (expected 89.7, got 248.61)","{""transaction_id"": ""TXN-000419"", ""sale_date"": ""2026-06-27"", ""store_id"": ""STORE-LUG"", ""sku"": ""SKU-1003"", ""product_name"": ""USB-C Hub"", ""unit_price"": ""29.9"", ""quantity"": ""3"", ""total_amount"": ""248.61""}"
TXN-001259,duplicate transaction_id,"{""transaction_id"": ""TXN-001259"", ""sale_date"": ""2026-05-04"", ""store_id"": ""STORE-BER"", ""sku"": ""SKU-1007"", ""product_name"": ""Monitor Arm"", ""unit_price"": ""89.9"", ""quantity"": ""4"", ""total_amount"": ""359.6""}"
TXN-000250,"total_amount mismatch (expected 359.6, got 638.67)","{""transaction_id"": ""TXN-000250"", ""sale_date"": ""2026-06-03"", ""store_id"": ""STORE-LUG"", ""sku"": ""SKU-1007"", ""product_name"": ""Monitor Arm"", ""unit_price"": ""89.9"", ""quantity"": ""4"", ""total_amount"": ""638.67""}"
TXN-002057,non-positive quantity,"{""transaction_id"": ""TXN-002057"", ""sale_date"": ""2026-01-03"", ""store_id"": ""STORE-BER"", ""sku"": ""SKU-1008"", ""product_name"": ""Desk Lamp LED"", ""unit_price"": ""24.5"", ""quantity"": ""-5"", ""total_amount"": ""-122.5""}"
TXN-001132,missing store_id,"{""transaction_id"": ""TXN-001132"", ""sale_date"": ""2026-05-24"", ""store_id"": """", ""sku"": ""SKU-1002"", ""product_name"": ""Mechanical Keyboard"", ""unit_price"": ""74.5"", ""quantity"": ""6"", ""total_amount"": ""447.0""}"
TXN-002374,missing store_id,"{""transaction_id"": ""TXN-002374"", ""sale_date"": ""2026-05-12"", ""store_id"": """", ""sku"": ""SKU-1001"", ""product_name"": ""Wireless Mouse"", ""unit_price"": ""19.99"", ""quantity"": ""8"", ""total_amount"": ""159.92""}"
TXN-001911,missing store_id,"{""transaction_id"": ""TXN-001911"", ""sale_date"": ""19/04/2026"", ""store_id"": """", ""sku"": ""SKU-1003"", ""product_name"": ""USB-C Hub"", ""unit_price"": ""29.9"", ""quantity"": ""2"", ""total_amount"": ""59.8""}"
TXN-002029,"total_amount mismatch (expected 196.0, got 499.69)","{""transaction_id"": ""TXN-002029"", ""sale_date"": ""2026-04-16"", ""store_id"": ""STORE-ZUR"", ""sku"": ""SKU-1008"", ""product_name"": """", ""unit_price"": ""24.5"", ""quantity"": ""8"", ""total_amount"": ""499.69""}"
TXN-002106,duplicate transaction_id,"{""transaction_id"": ""TXN-002106"", ""sale_date"": ""2026-05-12"", ""store_id"": ""STORE-ZUR"", ""sku"": ""SKU-1002"", ""product_name"": """", ""unit_price"": ""74.5"", ""quantity"": ""1"", ""total_amount"": ""74.5""}"
TXN-001139,duplicate transaction_id,"{""transaction_id"": ""TXN-001139"", ""sale_date"": ""2026-04-26"", ""store_id"": ""STORE-LAU"", ""sku"": ""SKU-1001"", ""product_name"": ""Wireless Mouse"", ""unit_price"": ""19.99"", ""quantity"": ""6"", ""total_amount"": ""119.94""}"
TXN-002044,missing store_id,"{""transaction_id"": ""TXN-002044"", ""sale_date"": ""2026-04-29"", ""store_id"": """", ""sku"": ""SKU-1004"", ""product_name"": ""Laptop Stand"", ""unit_price"": ""39.0"", ""quantity"": ""2"", ""total_amount"": ""78.0""}"
TXN-000864,unknown/discontinued SKU,"{""transaction_id"": ""TXN-000864"", ""sale_date"": ""2026-03-30"", ""store_id"": ""STORE-LAU"", ""sku"": ""SKU-9999"", ""product_name"": ""Unknown Product"", ""unit_price"": ""39.0"", ""quantity"": ""9"", ""total_amount"": ""351.0""}"
TXN-002790,missing store_id,"{""transaction_id"": ""TXN-002790"", ""sale_date"": ""2026-05-08"", ""store_id"": """", ""sku"": ""SKU-1007"", ""product_name"": ""Monitor Arm"", ""unit_price"": ""89.9"", ""quantity"": ""9"", ""total_amount"": ""809.1""}"
TXN-000903,missing store_id,"{""transaction_id"": ""TXN-000903"", ""sale_date"": ""2026-05-20"", ""store_id"": """", ""sku"": ""SKU-1004"", ""product_name"": ""Laptop Stand"", ""unit_price"": ""39.0"", ""quantity"": ""11"", ""total_amount"": ""429.0""}"
TXN-001001,missing store_id,"{""transaction_id"": ""TXN-001001"", ""sale_date"": ""2026-02-11"", ""store_id"": """", ""sku"": ""SKU-1006"", ""product_name"": ""Noise Cancelling Headset"", ""unit_price"": ""129.0"", ""quantity"": ""6"", ""total_amount"": ""774.0""}"
TXN-000794,missing store_id,"{""transaction_id"": ""TXN-000794"", ""sale_date"": ""2026-02-24"", ""store_id"": """", ""sku"": ""SKU-1004"", ""product_name"": ""Laptop Stand"", ""unit_price"": ""39.0"", ""quantity"": ""7"", ""total_amount"": ""273.0""}"
TXN-000604,duplicate transaction_id,"{""transaction_id"": ""TXN-000604"", ""sale_date"": ""2026-05-14"", ""store_id"": ""STORE-BER"", ""sku"": ""SKU-1003"", ""product_name"": ""USB-C Hub"", ""unit_price"": ""29.9"", ""quantity"": ""6"", ""total_amount"": ""179.4""}"
TXN-001768,duplicate transaction_id,"{""transaction_id"": ""TXN-001768"", ""sale_date"": ""2026-02-15"", ""store_id"": ""STORE-LAU"", ""sku"": ""SKU-1001"", ""product_name"": ""Wireless Mouse"", ""unit_price"": ""19.99"", ""quantity"": ""1"", ""total_amount"": ""19.99""}"
TXN-001435,non-positive quantity,"{""transaction_id"": ""TXN-001435"", ""sale_date"": ""2026-02-19"", ""store_id"": ""STORE-LUG"", ""sku"": ""SKU-1007"", ""product_name"": ""Monitor Arm"", ""unit_price"": ""89.9"", ""quantity"": ""0"", ""total_amount"": ""0.0""}"
TXN-001109,non-positive quantity,"{""transaction_id"": ""TXN-001109"", ""sale_date"": ""2026-06-18"", ""store_id"": ""STORE-ZUR"", ""sku"": ""SKU-1008"", ""product_name"": ""Desk Lamp LED"", ""unit_price"": ""24.5"", ""quantity"": ""-5"", ""total_amount"": ""-122.5""}"
TXN-002811,"total_amount mismatch (expected 629.3, got 1565.22)","{""transaction_id"": ""TXN-002811"", ""sale_date"": ""2026-06-24"", ""store_id"": ""STORE-BER"", ""sku"": ""SKU-1007"", ""product_name"": ""Monitor Arm"", ""unit_price"": ""89.9"", ""quantity"": ""7"", ""total_amount"": ""1565.22""}"
TXN-002509,missing store_id,"{""transaction_id"": ""TXN-002509"", ""sale_date"": ""2026-06-04"", ""store_id"": """", ""sku"": ""SKU-1003"", ""product_name"": ""USB-C Hub"", ""unit_price"": ""29.9"", ""quantity"": ""5"", ""total_amount"": ""149.5""}"
TXN-000571,unknown/discontinued SKU,"{""transaction_id"": ""TXN-000571"", ""sale_date"": ""2026-03-01"", ""store_id"": ""STORE-LAU"", ""sku"": ""SKU-9999"", ""product_name"": ""Unknown Product"", ""unit_price"": ""39.0"", ""quantity"": ""11"", ""total_amount"": ""429.0""}"
TXN-001466,unknown/discontinued SKU,"{""transaction_id"": ""TXN-001466"", ""sale_date"": ""2026-04-21"", ""store_id"": ""STORE-ZUR"", ""sku"": ""SKU-9999"", ""product_name"": ""Unknown Product"", ""unit_price"": ""74.5"", ""quantity"": ""4"", ""total_amount"": ""298.0""}"
TXN-001600,unknown/discontinued SKU,"{""transaction_id"": ""TXN-001600"", ""sale_date"": ""2026-01-29"", ""store_id"": ""STORE-ZUR"", ""sku"": ""SKU-9999"", ""product_name"": ""Unknown Product"", ""unit_price"": ""45.99"", ""quantity"": ""3"", ""total_amount"": ""137.97""}"
TXN-001030,non-positive quantity,"{""transaction_id"": ""TXN-001030"", ""sale_date"": ""2026-01-31"", ""store_id"": ""STORE-BER"", ""sku"": ""SKU-1005"", ""product_name"": ""Webcam 1080p"", ""unit_price"": ""45.99"", ""quantity"": ""0"", ""total_amount"": ""0.0""}"
TXN-000276,"total_amount mismatch (expected 245.0, got 580.85)","{""transaction_id"": ""TXN-000276"", ""sale_date"": ""2026-02-06"", ""store_id"": ""STORE-GEN"", ""sku"": ""SKU-1008"", ""product_name"": ""Desk Lamp LED"", ""unit_price"": ""24.5"", ""quantity"": ""10"", ""total_amount"": ""580.85""}"
TXN-000565,non-positive quantity,"{""transaction_id"": ""TXN-000565"", ""sale_date"": ""2026-03-15"", ""store_id"": ""STORE-LAU"", ""sku"": ""SKU-1005"", ""product_name"": ""Webcam 1080p"", ""unit_price"": ""45.99"", ""quantity"": ""-5"", ""total_amount"": ""-229.95""}"
TXN-001443,non-positive quantity,"{""transaction_id"": ""TXN-001443"", ""sale_date"": ""2026-03-03"", ""store_id"": ""STORE-LUG"", ""sku"": ""SKU-1006"", ""product_name"": """", ""unit_price"": ""129.0"", ""quantity"": ""0"", ""total_amount"": ""0.0""}"
TXN-001473,missing store_id,"{""transaction_id"": ""TXN-001473"", ""sale_date"": ""2026-01-19"", ""store_id"": """", ""sku"": ""SKU-1004"", ""product_name"": ""Laptop Stand"", ""unit_price"": ""39.0"", ""quantity"": ""4"", ""total_amount"": ""156.0""}"
TXN-000353,non-positive quantity,"{""transaction_id"": ""TXN-000353"", ""sale_date"": ""2026-06-09"", ""store_id"": ""STORE-LUG"", ""sku"": ""SKU-1007"", ""product_name"": ""Monitor Arm"", ""unit_price"": ""89.9"", ""quantity"": ""-5"", ""total_amount"": ""-449.5""}"
TXN-002781,missing store_id,"{""transaction_id"": ""TXN-002781"", ""sale_date"": ""2026-01-20"", ""store_id"": """", ""sku"": ""SKU-1005"", ""product_name"": ""Webcam 1080p"", ""unit_price"": ""45.99"", ""quantity"": ""12"", ""total_amount"": ""551.88""}"
TXN-000855,non-positive quantity,"{""transaction_id"": ""TXN-000855"", ""sale_date"": ""2026-05-09"", ""store_id"": ""STORE-LAU"", ""sku"": ""SKU-1006"", ""product_name"": ""Noise Cancelling Headset"", ""unit_price"": ""129.0"", ""quantity"": ""0"", ""total_amount"": ""0.0""}"
TXN-001580,duplicate transaction_id,"{""transaction_id"": ""TXN-001580"", ""sale_date"": ""2026-03-31"", ""store_id"": ""STORE-LUG"", ""sku"": ""SKU-1001"", ""product_name"": ""Wireless Mouse"", ""unit_price"": ""19.99"", ""quantity"": ""6"", ""total_amount"": ""119.94""}"
TXN-002983,missing store_id,"{""transaction_id"": ""TXN-002983"", ""sale_date"": ""2026-06-08"", ""store_id"": """", ""sku"": ""SKU-1002"", ""product_name"": ""Mechanical Keyboard"", ""unit_price"": ""74.5"", ""quantity"": ""6"", ""total_amount"": ""447.0""}"
TXN-000429,duplicate transaction_id,"{""transaction_id"": ""TXN-000429"", ""sale_date"": ""2026-01-22"", ""store_id"": ""STORE-GEN"", ""sku"": ""SKU-1002"", ""product_name"": ""Mechanical Keyboard"", ""unit_price"": ""74.5"", ""quantity"": ""5"", ""total_amount"": ""372.5""}"
TXN-001395,duplicate transaction_id,"{""transaction_id"": ""TXN-001395"", ""sale_date"": ""2026-05-04"", ""store_id"": ""STORE-ZUR"", ""sku"": ""SKU-1002"", ""product_name"": ""Mechanical Keyboard"", ""unit_price"": ""74.5"", ""quantity"": ""5"", ""total_amount"": ""372.5""}"
TXN-002395,"total_amount mismatch (expected 774.0, got 1463.18)","{""transaction_id"": ""TXN-002395"", ""sale_date"": ""2026-02-27"", ""store_id"": ""STORE-BER"", ""sku"": ""SKU-1006"", ""product_name"": ""Noise Cancelling Headset"", ""unit_price"": ""129.0"", ""quantity"": ""6"", ""total_amount"": ""1463.18""}"
TXN-002903,duplicate transaction_id,"{""transaction_id"": ""TXN-002903"", ""sale_date"": ""2026-04-27"", ""store_id"": ""STORE-LUG"", ""sku"": ""SKU-1004"", ""product_name"": ""Laptop Stand"", ""unit_price"": ""39.0"", ""quantity"": ""4"", ""total_amount"": ""156.0""}"
TXN-002946,"total_amount mismatch (expected 229.95, got 620.82)","{""transaction_id"": ""TXN-002946"", ""sale_date"": ""2026-05-04"", ""store_id"": ""STORE-GEN"", ""sku"": ""SKU-1005"", ""product_name"": ""Webcam 1080p"", ""unit_price"": ""45.99"", ""quantity"": ""5"", ""total_amount"": ""620.82""}"
TXN-001626,duplicate transaction_id,"{""transaction_id"": ""TXN-001626"", ""sale_date"": ""2026-06-25"", ""store_id"": ""STORE-BER"", ""sku"": ""SKU-1008"", ""product_name"": ""Desk Lamp LED"", ""unit_price"": ""24.5"", ""quantity"": ""5"", ""total_amount"": ""122.5""}"
TXN-001442,duplicate transaction_id,"{""transaction_id"": ""TXN-001442"", ""sale_date"": ""2026-04-16"", ""store_id"": ""STORE-BER"", ""sku"": ""SKU-1006"", ""product_name"": ""Noise Cancelling Headset"", ""unit_price"": ""129.0"", ""quantity"": ""6"", ""total_amount"": ""774.0""}"
